INSERT INTO sys_user (username, password, avatar, birthday, sex, email, phone, docking_code, status, del_flag, business_type, personal_description, create_by, create_time, update_by, update_time) VALUES ('admin', '', 'https://avatars.githubusercontent.com/u/29972512?v=4', '2023-09-15 00:00:00', 1, '', '', null, 1, 0, null, '遥遥领先', 'admin', '2023-09-15 00:00:00', 'AnneHan', '2023-09-15 00:00:00');
INSERT INTO sys_user (username, password, avatar, birthday, sex, email, phone, docking_code, status, del_flag, business_type, personal_description, create_by, create_time, update_by, update_time) VALUES ('AnneHan', '', null, null, null, null, null, null, 1, 0, null, null, 'AnneHan', '2023-09-15 00:00:00', null, '2023-09-15 00:00:00');


INSERT INTO sys_role (role_name, role_code, description, create_by, create_time, update_by, update_time) VALUES ('系统管理员', '10001', '系统管理员', 'sys', '2023-09-15 00:00:00', 'sys', '2023-09-15 00:00:00');


INSERT INTO sys_permission (id, parent_id, name, url, component, component_name, redirect, menu_type, perms, perms_type, sort_no, always_show, icon, is_route, is_leaf, keep_alive, hidden, hide_tab, description, create_by, create_time, update_by, update_time, logic_flag, status, internal_or_external, height, active) VALUES (1, '', '系统管理', '', null, null, null, 0, null, '0', 0, null, 'fa fa-cog', 1, null, null, 0, null, null, 'sys', '2023-09-15 00:00:00', '', null, 0, '1', null, '40', 0);
INSERT INTO sys_permission (id, parent_id, name, url, component, component_name, redirect, menu_type, perms, perms_type, sort_no, always_show, icon, is_route, is_leaf, keep_alive, hidden, hide_tab, description, create_by, create_time, update_by, update_time, logic_flag, status, internal_or_external, height, active) VALUES (2, '1', '用户管理', '/jxmarket-web/userManagement', null, null, null, 1, null, '0', 9, null, '', 1, null, null, 0, null, null, 'sys', '2023-09-15 00:00:00', '', null, 0, '1', null, '40', 0);
INSERT INTO sys_permission (id, parent_id, name, url, component, component_name, redirect, menu_type, perms, perms_type, sort_no, always_show, icon, is_route, is_leaf, keep_alive, hidden, hide_tab, description, create_by, create_time, update_by, update_time, logic_flag, status, internal_or_external, height, active) VALUES (3, '1', '角色管理', '/jxmarket-web/roleManagement', null, null, null, 1, null, '0', 8, null, '', 1, null, null, 0, null, null, 'sys', '2023-09-15 00:00:00', '', null, 0, '1', null, '40', 0);
INSERT INTO sys_permission (id, parent_id, name, url, component, component_name, redirect, menu_type, perms, perms_type, sort_no, always_show, icon, is_route, is_leaf, keep_alive, hidden, hide_tab, description, create_by, create_time, update_by, update_time, logic_flag, status, internal_or_external, height, active) VALUES (4, '1', '菜单管理', '/jxmarket-web/menuManagement', null, null, null, 1, null, '0', 7, null, '', 1, null, null, 0, null, null, 'sys', '2023-09-15 00:00:00', '', null, 0, '1', null, '40', 0);
INSERT INTO sys_permission (id, parent_id, name, url, component, component_name, redirect, menu_type, perms, perms_type, sort_no, always_show, icon, is_route, is_leaf, keep_alive, hidden, hide_tab, description, create_by, create_time, update_by, update_time, logic_flag, status, internal_or_external, height, active) VALUES (5, '1', '系统日志', '/jxmarket-web/systemLog', null, null, null, 1, null, '0', 6, null, '', 1, null, null, 0, null, null, 'sys', '2023-09-15 00:00:00', '', null, 0, '1', null, '40', 0);
INSERT INTO sys_permission (id, parent_id, name, url, component, component_name, redirect, menu_type, perms, perms_type, sort_no, always_show, icon, is_route, is_leaf, keep_alive, hidden, hide_tab, description, create_by, create_time, update_by, update_time, logic_flag, status, internal_or_external, height, active) VALUES (6, '1', '字典管理', '/jxmarket-web/dict', null, null, null, 1, null, '0', 5, null, '', 1, null, null, 0, null, null, 'sys', '2023-09-15 00:00:00', '', null, 0, '1', null, '40', 0);
INSERT INTO sys_permission (id, parent_id, name, url, component, component_name, redirect, menu_type, perms, perms_type, sort_no, always_show, icon, is_route, is_leaf, keep_alive, hidden, hide_tab, description, create_by, create_time, update_by, update_time, logic_flag, status, internal_or_external, height, active) VALUES (7, '', '监控页', '/jxmarket-web/monitor', null, null, null, 0, null, '0', 9999, null, 'fa-area-chart', 1, null, null, 0, null, null, 'sys', '2023-09-15 00:00:00', '', null, 0, '1', null, '40', 0);
INSERT INTO sys_permission (id, parent_id, name, url, component, component_name, redirect, menu_type, perms, perms_type, sort_no, always_show, icon, is_route, is_leaf, keep_alive, hidden, hide_tab, description, create_by, create_time, update_by, update_time, logic_flag, status, internal_or_external, height, active) VALUES (8, '', '统计分析', '', null, null, null, 0, null, '0', 1, null, 'fa-line-chart', 1, null, null, 0, null, null, 'sys', '2023-09-15 00:00:00', '', null, 0, '1', null, '40', 0);
INSERT INTO sys_permission (id, parent_id, name, url, component, component_name, redirect, menu_type, perms, perms_type, sort_no, always_show, icon, is_route, is_leaf, keep_alive, hidden, hide_tab, description, create_by, create_time, update_by, update_time, logic_flag, status, internal_or_external, height, active) VALUES (9, '8', '业务数据查询', '/jxmarket-web/businessData', null, null, null, 1, null, '0', 1, null, '', 1, null, null, 0, null, null, 'sys', '2023-09-15 00:00:00', '', null, 0, '1', null, '40', 0);
INSERT INTO sys_permission (id, parent_id, name, url, component, component_name, redirect, menu_type, perms, perms_type, sort_no, always_show, icon, is_route, is_leaf, keep_alive, hidden, hide_tab, description, create_by, create_time, update_by, update_time, logic_flag, status, internal_or_external, height, active) VALUES (10, '', '库存管理', '', null, null, null, 0, null, '0', 2, null, 'fa-server', 1, null, null, 0, null, null, 'sys', '2023-09-15 00:00:00', '', null, 0, '1', null, '40', 0);
INSERT INTO sys_permission (id, parent_id, name, url, component, component_name, redirect, menu_type, perms, perms_type, sort_no, always_show, icon, is_route, is_leaf, keep_alive, hidden, hide_tab, description, create_by, create_time, update_by, update_time, logic_flag, status, internal_or_external, height, active) VALUES (11, '10', '供应管理', '/jxmarket-web/SupplyManagement', null, null, null, 1, null, '0', 29, null, '', 1, null, null, 0, null, null, 'sys', '2023-09-15 00:00:00', '', null, 0, '1', null, '40', 0);
INSERT INTO sys_permission (id, parent_id, name, url, component, component_name, redirect, menu_type, perms, perms_type, sort_no, always_show, icon, is_route, is_leaf, keep_alive, hidden, hide_tab, description, create_by, create_time, update_by, update_time, logic_flag, status, internal_or_external, height, active) VALUES (12, '10', '商品库存', '/jxmarket-web/goodInventory', null, null, null, 1, null, '0', 28, null, '', 1, null, null, 0, null, null, 'sys', '2023-09-15 00:00:00', '', null, 0, '1', null, '40', 0);
INSERT INTO sys_permission (id, parent_id, name, url, component, component_name, redirect, menu_type, perms, perms_type, sort_no, always_show, icon, is_route, is_leaf, keep_alive, hidden, hide_tab, description, create_by, create_time, update_by, update_time, logic_flag, status, internal_or_external, height, active) VALUES (13, '', '销售管理', '', null, null, null, 0, null, '0', 3, null, 'fa-shopping-basket', 1, null, null, 0, null, null, 'sys', '2023-09-15 00:00:00', '', null, 0, '1', null, '40', 0);
INSERT INTO sys_permission (id, parent_id, name, url, component, component_name, redirect, menu_type, perms, perms_type, sort_no, always_show, icon, is_route, is_leaf, keep_alive, hidden, hide_tab, description, create_by, create_time, update_by, update_time, logic_flag, status, internal_or_external, height, active) VALUES (14, '13', '客户信息', '/jxmarket-web/customerInfo', null, null, null, 1, null, '0', 39, null, '', 1, null, null, 0, null, null, 'sys', '2023-09-15 00:00:00', '', null, 0, '1', null, '40', 0);
INSERT INTO sys_permission (id, parent_id, name, url, component, component_name, redirect, menu_type, perms, perms_type, sort_no, always_show, icon, is_route, is_leaf, keep_alive, hidden, hide_tab, description, create_by, create_time, update_by, update_time, logic_flag, status, internal_or_external, height, active) VALUES (15, '13', '销售信息', '/jxmarket-web/saleInfo', null, null, null, 1, null, '0', 38, null, '', 1, null, null, 0, null, null, 'sys', '2023-09-15 00:00:00', '', null, 0, '1', null, '40', 0);
INSERT INTO sys_permission (id, parent_id, name, url, component, component_name, redirect, menu_type, perms, perms_type, sort_no, always_show, icon, is_route, is_leaf, keep_alive, hidden, hide_tab, description, create_by, create_time, update_by, update_time, logic_flag, status, internal_or_external, height, active) VALUES (16, '', '采购管理', '', null, null, null, 0, null, '0', 4, null, 'fa-handshake-o', 1, null, null, 0, null, null, 'sys', '2023-09-15 00:00:00', '', null, 0, '1', null, '40', 0);
INSERT INTO sys_permission (id, parent_id, name, url, component, component_name, redirect, menu_type, perms, perms_type, sort_no, always_show, icon, is_route, is_leaf, keep_alive, hidden, hide_tab, description, create_by, create_time, update_by, update_time, logic_flag, status, internal_or_external, height, active) VALUES (17, '16', '供应商管理', '/jxmarket-web/supplierManagement', null, null, null, 1, null, '0', 49, null, '', 1, null, null, 0, null, null, 'sys', '2023-09-15 00:00:00', '', null, 0, '1', null, '40', 0);
INSERT INTO sys_permission (id, parent_id, name, url, component, component_name, redirect, menu_type, perms, perms_type, sort_no, always_show, icon, is_route, is_leaf, keep_alive, hidden, hide_tab, description, create_by, create_time, update_by, update_time, logic_flag, status, internal_or_external, height, active) VALUES (18, '16', '采购信息', '/jxmarket-web/purchaseInfo', null, null, null, 1, null, '0', 47, null, '', 1, null, null, 0, null, null, 'sys', '2023-09-15 00:00:00', '', null, 0, '1', null, '40', 0);
INSERT INTO sys_permission (id, parent_id, name, url, component, component_name, redirect, menu_type, perms, perms_type, sort_no, always_show, icon, is_route, is_leaf, keep_alive, hidden, hide_tab, description, create_by, create_time, update_by, update_time, logic_flag, status, internal_or_external, height, active) VALUES (19, '16', '商品信息', '/jxmarket-web/goodInfo', null, null, null, 1, null, '0', 48, null, '', 1, null, null, 0, null, null, 'sys', '2023-09-15 00:00:00', '', null, 0, '1', null, '40', 0);
INSERT INTO sys_permission (id, parent_id, name, url, component, component_name, redirect, menu_type, perms, perms_type, sort_no, always_show, icon, is_route, is_leaf, keep_alive, hidden, hide_tab, description, create_by, create_time, update_by, update_time, logic_flag, status, internal_or_external, height, active) VALUES (20, '16', '采购明细', '/jxmarket-web/purchaseDetail', null, null, null, 1, null, '0', 46, null, '', 1, null, null, 0, null, null, 'sys', '2023-09-15 00:00:00', '', null, 0, '1', null, '40', 0);




INSERT INTO sys_user_role (id, user_id, role_id, create_by, create_time, update_by, update_time) VALUES (1, '1', '1', 'sys', '2023-09-15 00:00:00', null, '2023-09-15 00:00:00');
INSERT INTO sys_user_role (id, user_id, role_id, create_by, create_time, update_by, update_time) VALUES (2, '2', '1', 'sys', '2023-09-15 00:00:00', null, '2023-09-15 00:00:00');



INSERT INTO sys_role_permission (role_id, permission_id, create_by, create_time, update_by, update_time) VALUES ('1', '1', 'sys', '2023-09-15 00:00:00', 'sys', null);
INSERT INTO sys_role_permission (role_id, permission_id, create_by, create_time, update_by, update_time) VALUES ('1', '2', 'sys', '2023-09-15 00:00:00', 'sys', null);
INSERT INTO sys_role_permission (role_id, permission_id, create_by, create_time, update_by, update_time) VALUES ('1', '3', 'sys', '2023-09-15 00:00:00', 'sys', null);
INSERT INTO sys_role_permission (role_id, permission_id, create_by, create_time, update_by, update_time) VALUES ('1', '4', 'sys', '2023-09-15 00:00:00', 'sys', null);
INSERT INTO sys_role_permission (role_id, permission_id, create_by, create_time, update_by, update_time) VALUES ('1', '5', 'sys', '2023-09-15 00:00:00', 'sys', null);
INSERT INTO sys_role_permission (role_id, permission_id, create_by, create_time, update_by, update_time) VALUES ('1', '6', 'sys', '2023-09-15 00:00:00', 'sys', null);
INSERT INTO sys_role_permission (role_id, permission_id, create_by, create_time, update_by, update_time) VALUES ('1', '7', 'sys', '2023-09-15 00:00:00', 'sys', null);
INSERT INTO sys_role_permission (role_id, permission_id, create_by, create_time, update_by, update_time) VALUES ('1', '8', 'sys', '2023-09-15 00:00:00', 'sys', null);
INSERT INTO sys_role_permission (role_id, permission_id, create_by, create_time, update_by, update_time) VALUES ('1', '9', 'sys', '2023-09-15 00:00:00', 'sys', null);
INSERT INTO sys_role_permission (role_id, permission_id, create_by, create_time, update_by, update_time) VALUES ('1', '10', 'sys', '2023-09-15 00:00:00', 'sys', null);
INSERT INTO sys_role_permission (role_id, permission_id, create_by, create_time, update_by, update_time) VALUES ('1', '11', 'sys', '2023-09-15 00:00:00', 'sys', null);
INSERT INTO sys_role_permission (role_id, permission_id, create_by, create_time, update_by, update_time) VALUES ('1', '12', 'sys', '2023-09-15 00:00:00', 'sys', null);
INSERT INTO sys_role_permission (role_id, permission_id, create_by, create_time, update_by, update_time) VALUES ('1', '13', 'sys', '2023-09-15 00:00:00', 'sys', null);
INSERT INTO sys_role_permission (role_id, permission_id, create_by, create_time, update_by, update_time) VALUES ('1', '14', 'sys', '2023-09-15 00:00:00', 'sys', null);
INSERT INTO sys_role_permission (role_id, permission_id, create_by, create_time, update_by, update_time) VALUES ('1', '15', 'sys', '2023-09-15 00:00:00', 'sys', null);
INSERT INTO sys_role_permission (role_id, permission_id, create_by, create_time, update_by, update_time) VALUES ('1', '16', 'sys', '2023-09-15 00:00:00', 'sys', null);
INSERT INTO sys_role_permission (role_id, permission_id, create_by, create_time, update_by, update_time) VALUES ('1', '17', 'sys', '2023-09-15 00:00:00', 'sys', null);
INSERT INTO sys_role_permission (role_id, permission_id, create_by, create_time, update_by, update_time) VALUES ('1', '18', 'sys', '2023-09-15 00:00:00', 'sys', null);
INSERT INTO sys_role_permission (role_id, permission_id, create_by, create_time, update_by, update_time) VALUES ('1', '19', 'sys', '2023-09-15 00:00:00', 'sys', null);
INSERT INTO sys_role_permission (role_id, permission_id, create_by, create_time, update_by, update_time) VALUES ('1', '20', 'sys', '2023-09-15 00:00:00', 'sys', null);




